{
  "Extensions": [
    {
      "extensionName": "ARM Outputs",
      "link": "<a href='https://marketplace.visualstudio.com/items?itemName=keesschollaart.arm-outputs' target='_blank'><b>ARM Outputs</b></a>",
      "publisherId": "keesschollaart",
      "extensionId": "arm-outputs",
      "publisherName": "Kees Schollaart",
      "License": "<a href='https://marketplace.visualstudio.com/items?itemName=keesschollaart.arm-outputs' target='_blank'>License Terms</a>"
    },
    {
      "extensionName": "Team Project Health",
      "link": "<a href='https://marketplace.visualstudio.com/items?itemName=ms-devlabs.TeamProjectHealth' target='_blank'><b>Team Project Health</b></a>",
      "publisherId": "ms-devlabs",
      "extensionId": "TeamProjectHealth",
      "publisherName": "Microsoft DevLabs",
      "License": "<a href='https://marketplace.visualstudio.com/items?itemName=ms-devlabs.TeamProjectHealth' target='_blank'>License Terms</a>"
    },
    {
      "extensionName": "SpecFlow+LivingDoc",
      "link": "<a href='https://marketplace.visualstudio.com/items?itemName=techtalk.techtalk-specflow-plus' target='_blank'><b>SpecFlow+LivingDoc</b></a>",
      "publisherId": "techtalk",
      "extensionId": "techtalk-specflow-plus",
      "publisherName": "TechTalk Software",
      "License": "<a href='https://marketplace.visualstudio.com/items?itemName=techtalk.techtalk-specflow-plus' target='_blank'>License Terms</a>"
    }
  ]
}