{
  "triggers": [],
  "properties": {},
  "tags": [],
  "_links": "{}",
  "jobAuthorizationScope": "projectCollection",
  "jobTimeoutInMinutes": 60,
  "jobCancelTimeoutInMinutes": 5,
  "badgeEnabled": true,
  "process": {
    "yamlFilename": "/azure-pipelines.yml",
    "type": 2
  },
  "repository": {
    "properties": {
      "cloneUrl": "https://FlorianBoehmak@dev.azure.com/FlorianBoehmak/SpecFlowCalculator/_git/SpecFlowCalculator",
      "fullName": "SpecFlowCalculator",
      "defaultBranch": "refs/heads/master",
      "isFork": "False",
      "safeRepository": "73104609-3a01-46ab-8e22-a4c09b7e0b77",
      "reportBuildStatus": "true"
    },
    "id": "73104609-3a01-46ab-8e22-a4c09b7e0b77",
    "type": "TfsGit",
    "name": "SpecFlowCalculator",
    "url": "https://$Organization$@dev.azure.com/$Organization$/$ProjectName$/_git/SpecFlowCalculator",
    "defaultBranch": "refs/heads/master",
    "clean": null,
    "checkoutSubmodules": false
  },
  "quality": "definition",
  "authoredBy": "{}",
  "drafts": [],
  "queue": {
    "_links": {
      "self": {
        "href": "https://dev.azure.com/$Organization$/_apis/build/Queues/$Hosted Ubuntu 1604$"
      }
    },
    "id": "$Hosted Ubuntu 1604$",
    "name": "Hosted Ubuntu 1604",
    "url": "https://dev.azure.com/$Organization$/_apis/build/Queues/$Hosted Ubuntu 1604$",
    "pool": {
      "id": "",
      "name": "Hosted Ubuntu 1604",
      "isHosted": true
    }
  },
  "id": "",
  "name": "SpecFlowCalculator",
  "url": "",
  "uri": "",
  "path": "\\",
  "type": "build",
  "queueStatus": "enabled",
  "revision": 1,
  "createdDate": "",
  "project": "{}"
}